ID,Class
0,siren
1,street_music
2,drilling
3,siren
4,dog_bark
6,children_playing
10,street_music
11,drilling
15,dog_bark
17,engine_idling
18,siren
20,engine_idling
22,air_conditioner
24,air_conditioner
26,engine_idling
27,siren
32,children_playing
33,jackhammer
36,siren
37,jackhammer
38,street_music
40,jackhammer
42,engine_idling
43,siren
44,children_playing
45,jackhammer
46,engine_idling
47,air_conditioner
49,drilling
50,siren
54,children_playing
56,children_playing
60,siren
63,drilling
65,street_music
66,jackhammer
67,children_playing
68,dog_bark
71,dog_bark
72,street_music
74,street_music
76,jackhammer
77,air_conditioner
79,jackhammer
81,jackhammer
82,street_music
84,street_music
87,children_playing
88,car_horn
90,siren
91,jackhammer
92,siren
93,street_music
97,dog_bark
99,jackhammer
100,air_conditioner
103,air_conditioner
104,jackhammer
105,street_music
113,street_music
114,air_conditioner
117,engine_idling
118,street_music
119,drilling
120,street_music
121,jackhammer
125,engine_idling
128,jackhammer
132,street_music
134,children_playing
135,engine_idling
136,drilling
138,drilling
140,jackhammer
142,jackhammer
146,drilling
149,siren
152,children_playing
153,jackhammer
159,siren
160,dog_bark
162,siren
164,dog_bark
165,air_conditioner
167,dog_bark
170,dog_bark
171,engine_idling
172,children_playing
176,car_horn
178,jackhammer
182,siren
184,jackhammer
185,street_music
186,engine_idling
187,drilling
188,engine_idling
189,children_playing
192,air_conditioner
193,air_conditioner
197,children_playing
200,jackhammer
208,drilling
211,siren
212,engine_idling
213,siren
214,street_music
216,drilling
217,dog_bark
219,drilling
221,dog_bark
222,jackhammer
223,children_playing
224,dog_bark
226,air_conditioner
227,engine_idling
228,engine_idling
229,children_playing
230,street_music
232,jackhammer
233,children_playing
235,engine_idling
239,drilling
242,engine_idling
245,dog_bark
246,siren
247,street_music
248,siren
249,siren
250,children_playing
251,jackhammer
252,dog_bark
253,siren
255,children_playing
258,jackhammer
260,children_playing
263,jackhammer
264,air_conditioner
269,jackhammer
270,drilling
271,drilling
275,jackhammer
276,dog_bark
277,children_playing
278,jackhammer
280,street_music
282,street_music
286,siren
288,engine_idling
299,children_playing
301,children_playing
303,drilling
304,dog_bark
305,children_playing
306,children_playing
307,drilling
308,street_music
309,siren
310,street_music
312,air_conditioner
314,street_music
315,jackhammer
317,street_music
318,car_horn
319,street_music
322,siren
323,jackhammer
324,air_conditioner
326,jackhammer
328,air_conditioner
329,car_horn
330,street_music
331,dog_bark
332,children_playing
333,drilling
334,jackhammer
335,air_conditioner
336,drilling
337,dog_bark
338,dog_bark
339,street_music
342,children_playing
343,siren
346,car_horn
347,siren
348,children_playing
350,air_conditioner
352,engine_idling
354,street_music
356,dog_bark
357,drilling
358,siren
359,air_conditioner
360,children_playing
361,children_playing
363,jackhammer
366,engine_idling
368,engine_idling
369,jackhammer
371,siren
372,children_playing
377,car_horn
378,jackhammer
380,drilling
381,jackhammer
382,engine_idling
385,siren
386,engine_idling
388,siren
391,siren
392,street_music
394,street_music
395,street_music
396,siren
397,siren
400,air_conditioner
401,children_playing
402,jackhammer
406,air_conditioner
407,air_conditioner
410,air_conditioner
411,children_playing
412,engine_idling
413,dog_bark
414,jackhammer
417,jackhammer
419,car_horn
423,children_playing
425,air_conditioner
426,dog_bark
427,siren
428,drilling
429,air_conditioner
430,siren
435,street_music
436,air_conditioner
437,engine_idling
438,children_playing
440,children_playing
442,dog_bark
444,car_horn
445,jackhammer
446,siren
447,engine_idling
449,dog_bark
450,street_music
452,jackhammer
453,dog_bark
454,street_music
455,siren
459,engine_idling
461,drilling
462,air_conditioner
464,street_music
467,siren
468,siren
470,drilling
471,air_conditioner
473,children_playing
475,dog_bark
479,street_music
480,air_conditioner
482,dog_bark
484,children_playing
485,children_playing
486,engine_idling
488,car_horn
489,children_playing
491,jackhammer
493,car_horn
495,street_music
497,drilling
498,street_music
501,jackhammer
506,drilling
509,children_playing
511,children_playing
512,engine_idling
515,street_music
516,dog_bark
519,engine_idling
520,siren
522,children_playing
524,siren
525,children_playing
527,street_music
532,siren
533,drilling
534,air_conditioner
538,street_music
540,dog_bark
542,air_conditioner
543,engine_idling
544,engine_idling
547,street_music
549,street_music
551,car_horn
554,drilling
555,engine_idling
556,jackhammer
557,air_conditioner
559,engine_idling
560,children_playing
561,air_conditioner
562,siren
564,dog_bark
565,children_playing
566,children_playing
567,air_conditioner
568,drilling
569,jackhammer
572,children_playing
575,siren
576,street_music
578,drilling
579,siren
580,street_music
583,dog_bark
584,gun_shot
585,siren
586,engine_idling
587,engine_idling
589,dog_bark
590,street_music
593,children_playing
594,street_music
597,jackhammer
598,siren
600,street_music
603,street_music
604,dog_bark
606,children_playing
610,children_playing
612,drilling
613,siren
614,jackhammer
615,children_playing
619,street_music
620,children_playing
621,street_music
622,dog_bark
623,engine_idling
624,dog_bark
629,siren
630,dog_bark
631,engine_idling
633,engine_idling
635,drilling
636,children_playing
639,drilling
642,street_music
643,siren
645,car_horn
646,street_music
648,street_music
651,siren
652,car_horn
654,siren
655,jackhammer
656,children_playing
657,air_conditioner
659,air_conditioner
660,drilling
661,engine_idling
662,children_playing
663,siren
664,jackhammer
665,air_conditioner
666,engine_idling
669,siren
670,street_music
671,dog_bark
673,dog_bark
676,jackhammer
677,drilling
679,engine_idling
683,siren
684,drilling
685,engine_idling
686,siren
687,siren
688,drilling
689,air_conditioner
690,street_music
691,engine_idling
692,children_playing
693,air_conditioner
694,engine_idling
695,street_music
697,air_conditioner
698,children_playing
699,street_music
702,jackhammer
703,street_music
704,street_music
705,drilling
710,street_music
712,children_playing
713,drilling
714,engine_idling
717,children_playing
719,jackhammer
720,jackhammer
722,children_playing
726,children_playing
727,street_music
728,siren
729,street_music
730,jackhammer
733,dog_bark
734,drilling
735,jackhammer
737,siren
738,engine_idling
739,dog_bark
740,jackhammer
742,siren
744,street_music
746,air_conditioner
748,street_music
749,engine_idling
750,jackhammer
751,jackhammer
753,street_music
754,drilling
755,jackhammer
757,siren
758,street_music
760,children_playing
761,siren
764,dog_bark
765,air_conditioner
766,jackhammer
770,air_conditioner
771,street_music
772,dog_bark
773,air_conditioner
776,air_conditioner
778,dog_bark
780,air_conditioner
783,dog_bark
784,children_playing
787,jackhammer
790,gun_shot
791,street_music
792,street_music
796,dog_bark
798,street_music
799,children_playing
801,drilling
802,air_conditioner
803,drilling
811,air_conditioner
812,dog_bark
813,street_music
816,air_conditioner
819,air_conditioner
820,engine_idling
821,children_playing
824,car_horn
825,jackhammer
826,engine_idling
829,air_conditioner
830,street_music
832,engine_idling
833,children_playing
834,engine_idling
835,siren
838,engine_idling
839,drilling
840,drilling
841,dog_bark
843,siren
845,engine_idling
848,car_horn
849,street_music
850,siren
851,drilling
853,children_playing
855,air_conditioner
857,dog_bark
858,engine_idling
859,street_music
860,engine_idling
863,jackhammer
864,car_horn
865,engine_idling
867,air_conditioner
868,siren
869,engine_idling
870,air_conditioner
871,street_music
872,engine_idling
874,children_playing
875,jackhammer
876,engine_idling
878,dog_bark
881,children_playing
882,car_horn
883,engine_idling
885,jackhammer
892,car_horn
893,children_playing
894,engine_idling
896,engine_idling
898,drilling
899,siren
900,air_conditioner
901,dog_bark
904,dog_bark
905,dog_bark
907,car_horn
911,dog_bark
912,siren
913,jackhammer
914,car_horn
915,dog_bark
916,engine_idling
919,drilling
921,street_music
922,siren
923,siren
925,street_music
926,street_music
927,car_horn
928,car_horn
929,dog_bark
932,engine_idling
933,engine_idling
937,engine_idling
938,street_music
943,siren
946,street_music
948,drilling
953,street_music
955,engine_idling
956,jackhammer
957,children_playing
959,drilling
965,air_conditioner
971,jackhammer
972,engine_idling
973,children_playing
977,siren
978,children_playing
985,air_conditioner
987,siren
990,drilling
991,street_music
995,drilling
996,street_music
1000,street_music
1001,air_conditioner
1003,dog_bark
1004,air_conditioner
1006,jackhammer
1007,car_horn
1015,street_music
1017,siren
1018,street_music
1021,dog_bark
1022,children_playing
1024,children_playing
1025,jackhammer
1027,children_playing
1028,engine_idling
1029,street_music
1030,jackhammer
1032,street_music
1036,engine_idling
1040,children_playing
1042,jackhammer
1043,air_conditioner
1044,street_music
1045,engine_idling
1047,car_horn
1048,air_conditioner
1049,drilling
1051,children_playing
1052,drilling
1054,children_playing
1056,children_playing
1058,jackhammer
1061,street_music
1063,air_conditioner
1066,air_conditioner
1068,siren
1069,siren
1070,engine_idling
1071,drilling
1072,children_playing
1074,engine_idling
1076,dog_bark
1077,engine_idling
1078,car_horn
1079,engine_idling
1080,street_music
1083,street_music
1085,engine_idling
1087,air_conditioner
1088,air_conditioner
1089,air_conditioner
1090,jackhammer
1091,street_music
1092,children_playing
1096,air_conditioner
1098,children_playing
1100,air_conditioner
1105,car_horn
1106,children_playing
1112,street_music
1113,drilling
1115,air_conditioner
1116,siren
1118,dog_bark
1119,siren
1120,dog_bark
1126,air_conditioner
1129,street_music
1131,engine_idling
1133,street_music
1134,street_music
1137,air_conditioner
1139,engine_idling
1143,street_music
1145,jackhammer
1147,children_playing
1148,engine_idling
1149,drilling
1150,drilling
1151,children_playing
1152,jackhammer
1156,children_playing
1157,siren
1158,air_conditioner
1162,air_conditioner
1168,air_conditioner
1174,car_horn
1175,jackhammer
1176,jackhammer
1180,car_horn
1181,children_playing
1183,jackhammer
1187,drilling
1188,jackhammer
1191,street_music
1195,engine_idling
1200,street_music
1203,air_conditioner
1206,children_playing
1209,children_playing
1214,street_music
1217,street_music
1218,siren
1224,siren
1226,siren
1230,drilling
1232,air_conditioner
1235,jackhammer
1236,siren
1237,air_conditioner
1240,drilling
1241,siren
1242,siren
1245,air_conditioner
1248,drilling
1251,siren
1255,engine_idling
1256,air_conditioner
1257,street_music
1259,air_conditioner
1261,drilling
1262,children_playing
1265,dog_bark
1267,air_conditioner
1269,siren
1270,street_music
1271,jackhammer
1272,engine_idling
1275,engine_idling
1277,children_playing
1278,children_playing
1279,air_conditioner
1287,dog_bark
1289,children_playing
1292,air_conditioner
1294,siren
1295,siren
1296,siren
1297,street_music
1298,children_playing
1300,drilling
1301,street_music
1302,drilling
1303,car_horn
1305,siren
1306,jackhammer
1308,street_music
1310,engine_idling
1311,children_playing
1312,engine_idling
1316,street_music
1317,jackhammer
1318,jackhammer
1321,jackhammer
1322,drilling
1323,jackhammer
1326,air_conditioner
1327,air_conditioner
1328,drilling
1329,engine_idling
1330,siren
1332,siren
1334,jackhammer
1335,engine_idling
1338,street_music
1339,street_music
1346,drilling
1347,jackhammer
1349,jackhammer
1351,engine_idling
1352,dog_bark
1355,street_music
1356,air_conditioner
1357,jackhammer
1358,engine_idling
1361,dog_bark
1363,engine_idling
1365,siren
1366,street_music
1367,jackhammer
1370,drilling
1371,air_conditioner
1377,engine_idling
1378,children_playing
1380,car_horn
1381,drilling
1384,street_music
1385,air_conditioner
1386,car_horn
1388,jackhammer
1390,dog_bark
1393,engine_idling
1394,drilling
1396,drilling
1398,dog_bark
1399,engine_idling
1404,siren
1405,street_music
1409,air_conditioner
1412,jackhammer
1414,engine_idling
1415,children_playing
1419,street_music
1423,siren
1428,jackhammer
1432,drilling
1435,car_horn
1436,drilling
1444,engine_idling
1446,drilling
1448,drilling
1449,engine_idling
1450,air_conditioner
1452,jackhammer
1454,siren
1458,dog_bark
1460,engine_idling
1461,engine_idling
1462,street_music
1467,engine_idling
1469,drilling
1470,drilling
1472,drilling
1473,jackhammer
1475,drilling
1478,siren
1479,street_music
1480,children_playing
1481,dog_bark
1483,engine_idling
1485,children_playing
1492,dog_bark
1493,children_playing
1497,children_playing
1498,children_playing
1500,engine_idling
1503,siren
1506,jackhammer
1510,children_playing
1512,drilling
1515,dog_bark
1517,children_playing
1518,street_music
1523,street_music
1527,siren
1528,dog_bark
1529,street_music
1530,street_music
1531,air_conditioner
1532,siren
1534,jackhammer
1536,street_music
1537,dog_bark
1540,siren
1542,street_music
1546,air_conditioner
1547,air_conditioner
1548,air_conditioner
1549,children_playing
1550,car_horn
1552,dog_bark
1554,air_conditioner
1555,engine_idling
1556,jackhammer
1558,jackhammer
1560,street_music
1561,engine_idling
1562,children_playing
1563,street_music
1565,engine_idling
1567,jackhammer
1569,drilling
1570,engine_idling
1571,street_music
1573,air_conditioner
1574,jackhammer
1578,siren
1579,air_conditioner
1584,street_music
1586,drilling
1589,siren
1591,street_music
1593,drilling
1597,jackhammer
1598,jackhammer
1599,siren
1601,jackhammer
1602,engine_idling
1603,street_music
1604,car_horn
1605,jackhammer
1606,car_horn
1607,jackhammer
1608,drilling
1612,jackhammer
1613,drilling
1614,air_conditioner
1615,car_horn
1616,siren
1618,drilling
1621,engine_idling
1623,siren
1626,engine_idling
1628,jackhammer
1629,drilling
1630,air_conditioner
1632,street_music
1633,children_playing
1634,street_music
1635,air_conditioner
1636,jackhammer
1639,jackhammer
1640,jackhammer
1647,jackhammer
1648,jackhammer
1651,street_music
1652,dog_bark
1660,drilling
1661,air_conditioner
1664,drilling
1666,drilling
1669,drilling
1672,siren
1674,jackhammer
1675,children_playing
1678,jackhammer
1680,siren
1681,jackhammer
1686,air_conditioner
1687,dog_bark
1688,street_music
1689,street_music
1690,jackhammer
1695,engine_idling
1697,engine_idling
1699,children_playing
1701,jackhammer
1702,dog_bark
1703,siren
1704,jackhammer
1705,air_conditioner
1706,engine_idling
1708,jackhammer
1711,engine_idling
1714,air_conditioner
1715,street_music
1716,street_music
1718,street_music
1719,siren
1722,drilling
1724,street_music
1725,drilling
1728,dog_bark
1729,dog_bark
1730,engine_idling
1731,street_music
1734,children_playing
1736,children_playing
1737,children_playing
1738,drilling
1739,engine_idling
1741,children_playing
1744,engine_idling
1745,street_music
1746,siren
1748,street_music
1749,siren
1750,air_conditioner
1751,drilling
1754,car_horn
1755,car_horn
1760,air_conditioner
1761,drilling
1763,air_conditioner
1765,dog_bark
1766,air_conditioner
1769,siren
1773,air_conditioner
1776,jackhammer
1779,siren
1780,street_music
1782,children_playing
1783,children_playing
1786,engine_idling
1787,air_conditioner
1789,dog_bark
1791,street_music
1792,drilling
1795,street_music
1796,air_conditioner
1800,air_conditioner
1801,street_music
1802,jackhammer
1803,drilling
1807,dog_bark
1808,engine_idling
1809,engine_idling
1813,engine_idling
1816,siren
1817,dog_bark
1818,air_conditioner
1819,air_conditioner
1820,jackhammer
1822,jackhammer
1825,drilling
1826,drilling
1827,siren
1828,engine_idling
1829,children_playing
1831,siren
1832,street_music
1834,dog_bark
1836,engine_idling
1837,siren
1839,drilling
1842,children_playing
1843,dog_bark
1847,drilling
1848,siren
1849,engine_idling
1850,children_playing
1854,drilling
1856,air_conditioner
1858,engine_idling
1863,siren
1864,air_conditioner
1866,dog_bark
1867,jackhammer
1868,drilling
1869,children_playing
1870,street_music
1871,jackhammer
1872,street_music
1873,jackhammer
1874,children_playing
1876,street_music
1877,children_playing
1879,siren
1881,dog_bark
1883,dog_bark
1886,siren
1889,children_playing
1890,siren
1891,dog_bark
1892,children_playing
1893,street_music
1895,children_playing
1896,siren
1897,children_playing
1899,siren
1901,street_music
1904,air_conditioner
1908,siren
1910,air_conditioner
1913,siren
1914,drilling
1916,engine_idling
1917,street_music
1918,drilling
1919,air_conditioner
1921,siren
1922,jackhammer
1924,engine_idling
1927,air_conditioner
1929,air_conditioner
1932,jackhammer
1933,siren
1935,engine_idling
1936,siren
1938,car_horn
1940,children_playing
1941,engine_idling
1943,air_conditioner
1944,engine_idling
1946,dog_bark
1948,children_playing
1949,drilling
1950,dog_bark
1952,jackhammer
1956,jackhammer
1957,car_horn
1958,siren
1960,dog_bark
1963,siren
1967,engine_idling
1968,children_playing
1970,air_conditioner
1971,street_music
1974,children_playing
1976,engine_idling
1977,engine_idling
1978,engine_idling
1980,air_conditioner
1982,siren
1986,car_horn
1987,drilling
1988,jackhammer
1991,engine_idling
1992,engine_idling
1994,siren
1996,jackhammer
1997,air_conditioner
1999,dog_bark
2001,dog_bark
2002,siren
2008,jackhammer
2010,siren
2013,engine_idling
2016,drilling
2017,jackhammer
2018,engine_idling
2019,siren
2020,street_music
2022,children_playing
2023,jackhammer
2025,jackhammer
2026,jackhammer
2028,children_playing
2029,siren
2031,air_conditioner
2037,children_playing
2038,dog_bark
2040,engine_idling
2043,engine_idling
2048,engine_idling
2049,street_music
2051,dog_bark
2054,drilling
2055,children_playing
2056,drilling
2057,car_horn
2063,air_conditioner
2064,siren
2066,children_playing
2067,air_conditioner
2070,jackhammer
2072,drilling
2073,children_playing
2078,air_conditioner
2082,siren
2083,siren
2084,dog_bark
2087,engine_idling
2091,drilling
2094,jackhammer
2095,street_music
2096,siren
2098,air_conditioner
2099,engine_idling
2101,air_conditioner
2102,street_music
2103,street_music
2104,dog_bark
2106,siren
2107,car_horn
2108,engine_idling
2113,car_horn
2116,air_conditioner
2117,drilling
2121,children_playing
2123,street_music
2124,children_playing
2125,air_conditioner
2127,dog_bark
2129,engine_idling
2132,engine_idling
2133,air_conditioner
2134,siren
2135,children_playing
2138,engine_idling
2139,jackhammer
2140,jackhammer
2141,siren
2142,jackhammer
2144,siren
2145,drilling
2148,siren
2149,engine_idling
2150,street_music
2152,street_music
2154,drilling
2156,street_music
2157,jackhammer
2160,air_conditioner
2162,jackhammer
2163,jackhammer
2168,dog_bark
2169,children_playing
2170,drilling
2171,drilling
2173,street_music
2174,street_music
2184,engine_idling
2185,drilling
2186,siren
2188,drilling
2191,dog_bark
2192,siren
2194,car_horn
2195,air_conditioner
2196,street_music
2197,street_music
2198,siren
2199,street_music
2200,air_conditioner
2206,siren
2209,street_music
2212,siren
2216,siren
2217,engine_idling
2218,children_playing
2219,children_playing
2220,jackhammer
2224,siren
2226,drilling
2228,children_playing
2230,drilling
2235,air_conditioner
2236,street_music
2237,engine_idling
2238,jackhammer
2240,siren
2241,street_music
2244,street_music
2247,air_conditioner
2249,engine_idling
2250,car_horn
2251,siren
2253,air_conditioner
2254,siren
2256,siren
2258,children_playing
2259,car_horn
2260,air_conditioner
2262,children_playing
2264,engine_idling
2269,drilling
2273,street_music
2275,children_playing
2277,dog_bark
2278,siren
2279,engine_idling
2282,engine_idling
2287,engine_idling
2290,street_music
2293,air_conditioner
2297,siren
2299,siren
2300,street_music
2301,children_playing
2303,dog_bark
2306,street_music
2307,children_playing
2308,air_conditioner
2309,engine_idling
2310,children_playing
2312,jackhammer
2313,drilling
2314,children_playing
2318,engine_idling
2319,children_playing
2323,air_conditioner
2324,dog_bark
2329,children_playing
2330,drilling
2332,street_music
2333,air_conditioner
2335,siren
2338,dog_bark
2339,children_playing
2340,jackhammer
2343,engine_idling
2344,engine_idling
2345,engine_idling
2347,engine_idling
2349,engine_idling
2351,siren
2353,drilling
2354,children_playing
2358,jackhammer
2360,children_playing
2363,siren
2364,jackhammer
2366,air_conditioner
2368,jackhammer
2369,air_conditioner
2371,engine_idling
2372,dog_bark
2373,dog_bark
2378,air_conditioner
2379,engine_idling
2382,drilling
2384,jackhammer
2386,siren
2388,drilling
2389,siren
2394,children_playing
2395,air_conditioner
2401,jackhammer
2402,jackhammer
2403,air_conditioner
2405,drilling
2408,engine_idling
2410,children_playing
2411,children_playing
2412,children_playing
2413,street_music
2415,children_playing
2416,jackhammer
2418,jackhammer
2420,jackhammer
2421,children_playing
2424,siren
2425,air_conditioner
2427,jackhammer
2428,street_music
2430,siren
2432,children_playing
2433,dog_bark
2438,street_music
2439,siren
2441,jackhammer
2443,engine_idling
2444,jackhammer
2446,dog_bark
2447,drilling
2448,dog_bark
2449,air_conditioner
2453,dog_bark
2454,engine_idling
2455,street_music
2456,drilling
2460,dog_bark
2461,drilling
2462,engine_idling
2463,siren
2464,children_playing
2465,children_playing
2466,drilling
2468,siren
2470,engine_idling
2473,siren
2474,street_music
2478,dog_bark
2480,engine_idling
2484,engine_idling
2485,engine_idling
2487,siren
2488,street_music
2489,dog_bark
2493,dog_bark
2494,engine_idling
2499,children_playing
2501,jackhammer
2503,jackhammer
2505,drilling
2506,jackhammer
2507,engine_idling
2509,siren
2510,air_conditioner
2511,jackhammer
2512,street_music
2513,air_conditioner
2516,siren
2517,drilling
2523,siren
2526,air_conditioner
2529,street_music
2531,street_music
2532,children_playing
2534,dog_bark
2536,dog_bark
2539,children_playing
2541,siren
2542,engine_idling
2543,street_music
2544,car_horn
2547,engine_idling
2548,car_horn
2549,street_music
2550,siren
2552,street_music
2553,dog_bark
2555,children_playing
2557,gun_shot
2558,dog_bark
2560,engine_idling
2564,engine_idling
2567,engine_idling
2568,siren
2569,street_music
2570,siren
2571,street_music
2572,air_conditioner
2573,siren
2574,street_music
2575,jackhammer
2576,dog_bark
2577,jackhammer
2578,jackhammer
2580,children_playing
2582,drilling
2584,children_playing
2585,jackhammer
2586,air_conditioner
2587,engine_idling
2588,street_music
2592,siren
2593,jackhammer
2594,air_conditioner
2595,dog_bark
2597,siren
2600,engine_idling
2601,siren
2603,dog_bark
2604,jackhammer
2605,air_conditioner
2608,air_conditioner
2610,children_playing
2612,air_conditioner
2613,jackhammer
2614,siren
2616,siren
2620,air_conditioner
2624,jackhammer
2625,jackhammer
2632,street_music
2634,engine_idling
2636,children_playing
2637,drilling
2639,drilling
2640,siren
2641,car_horn
2645,siren
2646,drilling
2647,car_horn
2648,street_music
2650,drilling
2651,engine_idling
2652,drilling
2653,children_playing
2657,siren
2658,jackhammer
2659,siren
2661,engine_idling
2662,air_conditioner
2664,siren
2665,children_playing
2666,siren
2668,engine_idling
2669,air_conditioner
2671,drilling
2674,air_conditioner
2676,air_conditioner
2678,dog_bark
2679,children_playing
2680,jackhammer
2682,drilling
2684,siren
2685,street_music
2686,car_horn
2687,siren
2689,engine_idling
2690,car_horn
2691,dog_bark
2695,engine_idling
2697,jackhammer
2699,children_playing
2702,street_music
2703,children_playing
2706,children_playing
2707,street_music
2709,children_playing
2710,dog_bark
2711,air_conditioner
2713,siren
2714,jackhammer
2717,dog_bark
2718,jackhammer
2721,car_horn
2722,dog_bark
2723,street_music
2725,dog_bark
2726,drilling
2732,dog_bark
2733,engine_idling
2738,engine_idling
2739,siren
2740,children_playing
2741,engine_idling
2744,jackhammer
2746,children_playing
2750,jackhammer
2751,engine_idling
2756,drilling
2757,street_music
2760,air_conditioner
2763,jackhammer
2766,siren
2769,street_music
2770,engine_idling
2771,siren
2773,children_playing
2774,street_music
2776,street_music
2779,children_playing
2781,street_music
2784,car_horn
2785,children_playing
2788,siren
2789,siren
2790,jackhammer
2791,dog_bark
2792,jackhammer
2794,siren
2795,jackhammer
2797,air_conditioner
2800,street_music
2801,air_conditioner
2802,air_conditioner
2805,drilling
2807,drilling
2808,children_playing
2811,street_music
2813,engine_idling
2815,siren
2819,siren
2824,children_playing
2825,jackhammer
2828,siren
2829,dog_bark
2830,children_playing
2831,street_music
2832,air_conditioner
2835,siren
2836,street_music
2840,dog_bark
2842,drilling
2846,dog_bark
2849,drilling
2850,dog_bark
2851,street_music
2854,siren
2855,engine_idling
2857,jackhammer
2858,children_playing
2862,air_conditioner
2863,dog_bark
2864,engine_idling
2865,dog_bark
2870,street_music
2871,engine_idling
2872,car_horn
2873,air_conditioner
2875,engine_idling
2878,air_conditioner
2881,siren
2884,siren
2887,siren
2889,siren
2891,siren
2892,street_music
2896,drilling
2898,street_music
2899,air_conditioner
2900,street_music
2901,children_playing
2902,engine_idling
2903,drilling
2907,air_conditioner
2909,drilling
2910,street_music
2911,engine_idling
2912,engine_idling
2913,jackhammer
2915,engine_idling
2918,drilling
2920,street_music
2921,siren
2922,dog_bark
2924,siren
2925,drilling
2926,siren
2928,air_conditioner
2929,air_conditioner
2931,dog_bark
2934,children_playing
2936,siren
2939,engine_idling
2940,air_conditioner
2942,drilling
2943,jackhammer
2944,air_conditioner
2945,engine_idling
2946,drilling
2951,drilling
2954,air_conditioner
2955,siren
2956,children_playing
2957,air_conditioner
2959,street_music
2960,siren
2961,air_conditioner
2962,street_music
2966,drilling
2969,dog_bark
2971,engine_idling
2974,street_music
2980,engine_idling
2982,children_playing
2983,jackhammer
2984,air_conditioner
2986,air_conditioner
2987,engine_idling
2988,siren
2993,drilling
2994,engine_idling
2995,street_music
2996,drilling
2997,drilling
3003,children_playing
3004,street_music
3006,engine_idling
3008,engine_idling
3011,dog_bark
3013,siren
3014,air_conditioner
3016,drilling
3018,air_conditioner
3020,air_conditioner
3021,drilling
3024,dog_bark
3026,jackhammer
3027,jackhammer
3030,children_playing
3032,children_playing
3034,siren
3036,air_conditioner
3037,drilling
3038,jackhammer
3042,car_horn
3046,drilling
3050,engine_idling
3051,engine_idling
3052,street_music
3054,dog_bark
3055,engine_idling
3060,dog_bark
3061,street_music
3062,children_playing
3063,children_playing
3068,dog_bark
3069,children_playing
3071,engine_idling
3074,siren
3075,street_music
3077,air_conditioner
3078,jackhammer
3081,street_music
3082,drilling
3085,street_music
3087,siren
3089,street_music
3092,jackhammer
3094,dog_bark
3095,children_playing
3096,air_conditioner
3097,street_music
3098,siren
3099,drilling
3101,street_music
3102,engine_idling
3104,drilling
3105,children_playing
3108,children_playing
3110,air_conditioner
3112,children_playing
3115,street_music
3117,children_playing
3118,engine_idling
3121,dog_bark
3123,dog_bark
3125,siren
3126,children_playing
3127,street_music
3130,street_music
3131,air_conditioner
3133,children_playing
3135,car_horn
3136,street_music
3138,siren
3140,siren
3143,street_music
3144,drilling
3146,siren
3147,dog_bark
3148,street_music
3150,dog_bark
3151,air_conditioner
3153,engine_idling
3154,jackhammer
3155,air_conditioner
3156,siren
3157,street_music
3160,drilling
3161,air_conditioner
3162,dog_bark
3163,children_playing
3164,jackhammer
3165,jackhammer
3167,car_horn
3168,children_playing
3169,air_conditioner
3170,siren
3171,engine_idling
3172,siren
3177,children_playing
3178,siren
3179,children_playing
3180,jackhammer
3182,jackhammer
3185,street_music
3186,siren
3187,children_playing
3188,air_conditioner
3189,dog_bark
3190,drilling
3191,siren
3195,children_playing
3197,engine_idling
3199,engine_idling
3200,dog_bark
3202,street_music
3205,air_conditioner
3206,engine_idling
3209,children_playing
3213,car_horn
3214,children_playing
3215,drilling
3216,drilling
3218,street_music
3220,drilling
3221,children_playing
3223,drilling
3225,drilling
3226,dog_bark
3227,drilling
3230,gun_shot
3231,air_conditioner
3232,air_conditioner
3233,street_music
3235,street_music
3237,dog_bark
3238,engine_idling
3239,engine_idling
3240,engine_idling
3244,siren
3246,children_playing
3248,dog_bark
3250,siren
3254,jackhammer
3257,air_conditioner
3258,dog_bark
3259,air_conditioner
3261,children_playing
3264,jackhammer
3266,children_playing
3267,drilling
3268,street_music
3270,drilling
3271,jackhammer
3272,jackhammer
3273,air_conditioner
3276,engine_idling
3277,engine_idling
3278,jackhammer
3281,children_playing
3283,engine_idling
3288,jackhammer
3292,drilling
3293,street_music
3294,street_music
3296,jackhammer
3297,siren
3298,jackhammer
3299,engine_idling
3301,children_playing
3302,air_conditioner
3306,street_music
3307,street_music
3310,drilling
3316,jackhammer
3319,engine_idling
3320,dog_bark
3321,children_playing
3322,engine_idling
3324,engine_idling
3325,dog_bark
3331,siren
3333,jackhammer
3334,engine_idling
3336,drilling
3337,air_conditioner
3338,air_conditioner
3343,children_playing
3344,siren
3345,air_conditioner
3347,jackhammer
3349,jackhammer
3351,jackhammer
3352,car_horn
3354,engine_idling
3355,air_conditioner
3357,jackhammer
3358,siren
3360,drilling
3362,siren
3363,street_music
3364,jackhammer
3365,jackhammer
3367,car_horn
3369,car_horn
3373,jackhammer
3376,air_conditioner
3379,street_music
3381,children_playing
3387,air_conditioner
3388,siren
3390,jackhammer
3392,children_playing
3394,street_music
3397,air_conditioner
3398,dog_bark
3399,dog_bark
3400,children_playing
3401,street_music
3406,dog_bark
3407,dog_bark
3413,street_music
3415,dog_bark
3417,drilling
3419,air_conditioner
3420,engine_idling
3422,street_music
3425,siren
3429,car_horn
3432,engine_idling
3433,air_conditioner
3434,street_music
3435,dog_bark
3436,children_playing
3437,air_conditioner
3439,engine_idling
3441,siren
3442,children_playing
3443,children_playing
3444,drilling
3446,air_conditioner
3449,air_conditioner
3451,air_conditioner
3452,siren
3453,jackhammer
3454,drilling
3455,air_conditioner
3461,children_playing
3462,street_music
3464,children_playing
3465,drilling
3467,drilling
3469,siren
3471,jackhammer
3473,street_music
3474,children_playing
3475,street_music
3477,air_conditioner
3478,engine_idling
3480,drilling
3481,engine_idling
3482,dog_bark
3483,drilling
3486,jackhammer
3491,engine_idling
3493,street_music
3495,drilling
3496,dog_bark
3499,siren
3501,siren
3503,jackhammer
3504,street_music
3507,dog_bark
3508,drilling
3509,engine_idling
3510,children_playing
3515,engine_idling
3516,drilling
3517,drilling
3518,jackhammer
3519,siren
3520,siren
3522,engine_idling
3523,dog_bark
3525,air_conditioner
3528,jackhammer
3529,children_playing
3531,dog_bark
3533,street_music
3534,engine_idling
3536,drilling
3537,jackhammer
3538,jackhammer
3539,air_conditioner
3540,drilling
3542,siren
3546,air_conditioner
3550,children_playing
3551,air_conditioner
3554,siren
3555,air_conditioner
3556,dog_bark
3560,dog_bark
3561,children_playing
3568,air_conditioner
3569,air_conditioner
3574,engine_idling
3577,jackhammer
3579,engine_idling
3580,street_music
3583,air_conditioner
3584,siren
3585,siren
3587,air_conditioner
3588,siren
3590,drilling
3591,dog_bark
3596,street_music
3597,engine_idling
3598,drilling
3599,engine_idling
3603,air_conditioner
3604,children_playing
3606,children_playing
3608,air_conditioner
3609,drilling
3611,children_playing
3613,engine_idling
3614,dog_bark
3619,air_conditioner
3621,children_playing
3622,air_conditioner
3624,dog_bark
3627,engine_idling
3628,jackhammer
3629,street_music
3630,dog_bark
3632,air_conditioner
3634,drilling
3637,engine_idling
3639,engine_idling
3640,children_playing
3642,engine_idling
3644,street_music
3645,drilling
3646,engine_idling
3647,children_playing
3649,jackhammer
3653,air_conditioner
3656,siren
3657,air_conditioner
3658,engine_idling
3659,engine_idling
3660,jackhammer
3661,street_music
3662,engine_idling
3663,street_music
3664,air_conditioner
3666,children_playing
3668,car_horn
3669,engine_idling
3670,engine_idling
3671,air_conditioner
3672,jackhammer
3674,jackhammer
3675,air_conditioner
3676,car_horn
3678,air_conditioner
3679,dog_bark
3680,dog_bark
3681,jackhammer
3682,siren
3683,drilling
3685,siren
3686,engine_idling
3687,jackhammer
3688,children_playing
3689,street_music
3691,drilling
3696,siren
3697,jackhammer
3698,dog_bark
3700,engine_idling
3702,drilling
3703,street_music
3706,engine_idling
3708,engine_idling
3709,air_conditioner
3711,street_music
3714,siren
3717,siren
3718,drilling
3719,engine_idling
3721,siren
3728,air_conditioner
3729,engine_idling
3732,air_conditioner
3734,children_playing
3735,car_horn
3739,engine_idling
3741,jackhammer
3742,air_conditioner
3745,siren
3747,engine_idling
3749,street_music
3750,jackhammer
3751,jackhammer
3752,siren
3754,street_music
3756,siren
3758,car_horn
3759,street_music
3760,dog_bark
3762,jackhammer
3763,drilling
3765,air_conditioner
3766,street_music
3770,drilling
3771,siren
3772,engine_idling
3776,dog_bark
3778,siren
3781,drilling
3783,street_music
3784,car_horn
3785,air_conditioner
3787,engine_idling
3788,air_conditioner
3791,jackhammer
3792,street_music
3798,siren
3799,street_music
3800,jackhammer
3803,street_music
3805,jackhammer
3808,dog_bark
3813,siren
3816,street_music
3819,drilling
3820,children_playing
3821,children_playing
3822,children_playing
3827,air_conditioner
3828,children_playing
3830,air_conditioner
3833,children_playing
3834,children_playing
3836,street_music
3838,air_conditioner
3839,engine_idling
3840,street_music
3842,car_horn
3843,engine_idling
3844,siren
3846,drilling
3847,engine_idling
3848,children_playing
3850,engine_idling
3851,children_playing
3854,street_music
3855,jackhammer
3859,jackhammer
3861,engine_idling
3863,jackhammer
3864,air_conditioner
3866,engine_idling
3868,siren
3869,siren
3870,dog_bark
3871,siren
3877,jackhammer
3879,siren
3881,jackhammer
3882,car_horn
3883,children_playing
3884,dog_bark
3885,dog_bark
3886,street_music
3889,street_music
3890,engine_idling
3891,dog_bark
3893,children_playing
3894,siren
3895,air_conditioner
3896,air_conditioner
3898,air_conditioner
3900,children_playing
3902,dog_bark
3903,air_conditioner
3905,dog_bark
3906,siren
3909,street_music
3910,air_conditioner
3911,siren
3914,engine_idling
3915,children_playing
3916,children_playing
3918,jackhammer
3919,engine_idling
3920,engine_idling
3921,air_conditioner
3925,street_music
3927,street_music
3929,jackhammer
3932,jackhammer
3934,siren
3936,air_conditioner
3939,drilling
3940,drilling
3941,engine_idling
3943,street_music
3944,siren
3945,siren
3947,street_music
3948,car_horn
3951,engine_idling
3956,siren
3959,air_conditioner
3960,engine_idling
3962,drilling
3965,car_horn
3966,children_playing
3967,engine_idling
3968,air_conditioner
3969,siren
3970,street_music
3972,dog_bark
3973,jackhammer
3975,siren
3978,siren
3981,street_music
3982,drilling
3983,siren
3984,drilling
3985,engine_idling
3986,jackhammer
3987,siren
3988,jackhammer
3992,air_conditioner
3993,dog_bark
3994,children_playing
3997,street_music
3998,drilling
3999,air_conditioner
4000,children_playing
4001,jackhammer
4002,siren
4003,engine_idling
4004,engine_idling
4006,children_playing
4009,siren
4010,drilling
4011,dog_bark
4012,engine_idling
4014,children_playing
4015,air_conditioner
4017,street_music
4018,air_conditioner
4021,air_conditioner
4022,air_conditioner
4024,siren
4027,siren
4028,dog_bark
4029,children_playing
4030,siren
4032,siren
4038,jackhammer
4041,car_horn
4044,street_music
4045,drilling
4050,street_music
4054,engine_idling
4057,car_horn
4058,siren
4062,street_music
4064,children_playing
4066,air_conditioner
4067,air_conditioner
4068,street_music
4069,air_conditioner
4070,engine_idling
4073,drilling
4076,street_music
4078,street_music
4081,air_conditioner
4083,children_playing
4084,car_horn
4085,street_music
4086,engine_idling
4087,dog_bark
4089,children_playing
4091,street_music
4093,children_playing
4094,air_conditioner
4095,siren
4096,drilling
4097,engine_idling
4100,siren
4102,jackhammer
4103,siren
4106,dog_bark
4110,siren
4117,air_conditioner
4118,car_horn
4119,car_horn
4121,drilling
4122,children_playing
4123,siren
4125,siren
4126,siren
4129,jackhammer
4130,children_playing
4131,air_conditioner
4134,drilling
4135,dog_bark
4137,siren
4138,engine_idling
4140,children_playing
4142,jackhammer
4143,engine_idling
4146,drilling
4155,drilling
4158,air_conditioner
4159,air_conditioner
4160,jackhammer
4161,dog_bark
4162,jackhammer
4163,jackhammer
4164,siren
4166,air_conditioner
4169,engine_idling
4170,jackhammer
4172,jackhammer
4174,street_music
4175,siren
4178,children_playing
4180,children_playing
4181,air_conditioner
4182,siren
4183,air_conditioner
4184,street_music
4191,siren
4193,car_horn
4197,jackhammer
4198,dog_bark
4199,engine_idling
4200,children_playing
4201,street_music
4205,siren
4206,children_playing
4207,engine_idling
4210,children_playing
4216,drilling
4217,drilling
4220,siren
4222,engine_idling
4224,drilling
4227,air_conditioner
4228,street_music
4231,street_music
4232,siren
4234,air_conditioner
4235,street_music
4236,drilling
4239,engine_idling
4241,air_conditioner
4242,street_music
4244,drilling
4246,jackhammer
4247,street_music
4248,engine_idling
4249,engine_idling
4253,jackhammer
4254,drilling
4255,street_music
4256,air_conditioner
4257,air_conditioner
4262,street_music
4263,dog_bark
4265,dog_bark
4267,engine_idling
4272,air_conditioner
4274,engine_idling
4277,dog_bark
4278,children_playing
4281,siren
4285,air_conditioner
4286,children_playing
4287,drilling
4288,drilling
4289,jackhammer
4290,children_playing
4291,drilling
4293,jackhammer
4297,street_music
4299,children_playing
4301,air_conditioner
4307,engine_idling
4311,children_playing
4313,street_music
4314,engine_idling
4316,jackhammer
4317,children_playing
4319,jackhammer
4320,children_playing
4323,siren
4326,air_conditioner
4327,street_music
4328,street_music
4333,dog_bark
4335,jackhammer
4337,children_playing
4338,jackhammer
4350,jackhammer
4351,siren
4352,engine_idling
4353,air_conditioner
4356,engine_idling
4358,air_conditioner
4359,drilling
4361,engine_idling
4362,children_playing
4363,air_conditioner
4364,car_horn
4366,children_playing
4367,engine_idling
4371,children_playing
4372,jackhammer
4374,siren
4378,air_conditioner
4379,engine_idling
4381,street_music
4382,street_music
4384,siren
4386,siren
4390,jackhammer
4392,dog_bark
4393,dog_bark
4394,children_playing
4396,siren
4400,air_conditioner
4401,air_conditioner
4411,engine_idling
4412,dog_bark
4413,dog_bark
4415,siren
4417,car_horn
4418,drilling
4420,engine_idling
4422,jackhammer
4424,street_music
4425,drilling
4427,street_music
4428,dog_bark
4430,street_music
4431,siren
4432,siren
4433,siren
4436,drilling
4438,street_music
4439,engine_idling
4440,car_horn
4443,jackhammer
4444,jackhammer
4446,street_music
4449,air_conditioner
4450,air_conditioner
4451,siren
4453,dog_bark
4454,children_playing
4456,air_conditioner
4463,jackhammer
4464,air_conditioner
4467,drilling
4472,siren
4473,siren
4474,jackhammer
4476,siren
4480,siren
4481,car_horn
4482,street_music
4483,car_horn
4486,street_music
4487,siren
4490,air_conditioner
4492,drilling
4493,siren
4498,air_conditioner
4499,children_playing
4500,siren
4502,children_playing
4503,children_playing
4504,children_playing
4506,jackhammer
4509,air_conditioner
4510,engine_idling
4511,jackhammer
4514,jackhammer
4515,street_music
4521,drilling
4522,dog_bark
4523,siren
4525,drilling
4526,air_conditioner
4527,children_playing
4528,air_conditioner
4529,air_conditioner
4530,children_playing
4531,street_music
4532,siren
4534,engine_idling
4535,air_conditioner
4536,street_music
4539,jackhammer
4540,drilling
4541,siren
4542,drilling
4545,children_playing
4547,air_conditioner
4549,engine_idling
4554,siren
4556,car_horn
4557,jackhammer
4559,siren
4562,engine_idling
4563,drilling
4566,children_playing
4569,dog_bark
4570,drilling
4572,drilling
4573,air_conditioner
4574,children_playing
4575,jackhammer
4578,siren
4581,jackhammer
4583,dog_bark
4584,air_conditioner
4585,air_conditioner
4589,air_conditioner
4592,drilling
4598,drilling
4599,street_music
4601,siren
4602,engine_idling
4604,car_horn
4609,children_playing
4610,air_conditioner
4612,air_conditioner
4613,jackhammer
4614,siren
4616,dog_bark
4617,jackhammer
4618,engine_idling
4619,drilling
4623,air_conditioner
4625,car_horn
4628,dog_bark
4629,engine_idling
4630,dog_bark
4632,dog_bark
4633,air_conditioner
4634,air_conditioner
4635,air_conditioner
4636,engine_idling
4637,air_conditioner
4640,children_playing
4643,siren
4645,dog_bark
4646,street_music
4647,street_music
4648,street_music
4650,children_playing
4651,dog_bark
4652,siren
4653,siren
4655,dog_bark
4657,children_playing
4658,engine_idling
4659,engine_idling
4661,street_music
4662,jackhammer
4663,dog_bark
4665,car_horn
4666,engine_idling
4667,jackhammer
4668,air_conditioner
4669,street_music
4672,street_music
4674,dog_bark
4679,air_conditioner
4680,drilling
4682,jackhammer
4683,dog_bark
4684,siren
4685,jackhammer
4686,air_conditioner
4688,engine_idling
4690,dog_bark
4692,engine_idling
4693,drilling
4695,street_music
4697,jackhammer
4698,street_music
4702,drilling
4705,jackhammer
4707,siren
4708,dog_bark
4714,engine_idling
4718,engine_idling
4721,car_horn
4722,street_music
4723,engine_idling
4724,street_music
4725,engine_idling
4726,drilling
4728,air_conditioner
4732,siren
4733,air_conditioner
4735,siren
4737,children_playing
4740,air_conditioner
4741,drilling
4743,air_conditioner
4745,air_conditioner
4746,jackhammer
4748,children_playing
4749,air_conditioner
4750,car_horn
4753,street_music
4754,air_conditioner
4755,drilling
4756,jackhammer
4758,street_music
4759,engine_idling
4762,dog_bark
4763,car_horn
4764,jackhammer
4766,street_music
4767,drilling
4769,children_playing
4770,air_conditioner
4775,children_playing
4776,siren
4778,air_conditioner
4781,engine_idling
4783,engine_idling
4784,air_conditioner
4785,street_music
4786,dog_bark
4787,air_conditioner
4788,children_playing
4789,children_playing
4790,street_music
4791,engine_idling
4792,children_playing
4794,air_conditioner
4795,children_playing
4799,siren
4800,air_conditioner
4801,engine_idling
4803,children_playing
4804,dog_bark
4805,engine_idling
4806,air_conditioner
4807,street_music
4810,engine_idling
4820,drilling
4821,air_conditioner
4822,drilling
4823,drilling
4824,jackhammer
4826,children_playing
4827,street_music
4828,drilling
4829,jackhammer
4832,drilling
4833,drilling
4834,drilling
4835,drilling
4836,children_playing
4837,siren
4839,engine_idling
4840,air_conditioner
4843,jackhammer
4844,air_conditioner
4846,air_conditioner
4851,air_conditioner
4852,air_conditioner
4853,air_conditioner
4854,engine_idling
4857,siren
4858,children_playing
4861,siren
4863,dog_bark
4866,street_music
4867,street_music
4870,dog_bark
4873,engine_idling
4877,engine_idling
4879,engine_idling
4881,jackhammer
4883,car_horn
4884,street_music
4886,dog_bark
4888,street_music
4889,drilling
4890,jackhammer
4894,dog_bark
4896,drilling
4900,drilling
4902,street_music
4903,dog_bark
4904,children_playing
4905,children_playing
4906,drilling
4907,children_playing
4909,air_conditioner
4911,drilling
4912,siren
4913,street_music
4914,street_music
4916,dog_bark
4917,air_conditioner
4918,siren
4919,air_conditioner
4920,drilling
4924,air_conditioner
4925,street_music
4927,car_horn
4928,air_conditioner
4931,air_conditioner
4937,children_playing
4938,air_conditioner
4942,children_playing
4945,jackhammer
4947,children_playing
4948,jackhammer
4950,dog_bark
4956,children_playing
4960,children_playing
4961,street_music
4962,street_music
4963,engine_idling
4964,jackhammer
4965,drilling
4966,children_playing
4968,drilling
4970,air_conditioner
4972,air_conditioner
4973,drilling
4976,siren
4984,air_conditioner
4988,air_conditioner
4989,engine_idling
4990,dog_bark
4991,air_conditioner
4992,children_playing
4993,car_horn
4996,children_playing
4997,drilling
5002,dog_bark
5003,siren
5004,siren
5005,siren
5010,siren
5011,engine_idling
5019,children_playing
5021,street_music
5022,street_music
5025,street_music
5029,children_playing
5032,air_conditioner
5034,drilling
5035,jackhammer
5037,dog_bark
5038,jackhammer
5040,engine_idling
5042,street_music
5044,car_horn
5045,jackhammer
5046,children_playing
5049,engine_idling
5051,drilling
5052,children_playing
5055,children_playing
5058,children_playing
5059,dog_bark
5060,air_conditioner
5063,siren
5064,drilling
5065,dog_bark
5067,siren
5069,siren
5071,car_horn
5072,air_conditioner
5073,street_music
5074,engine_idling
5075,dog_bark
5076,air_conditioner
5077,jackhammer
5081,street_music
5082,jackhammer
5084,drilling
5085,children_playing
5088,street_music
5089,children_playing
5092,drilling
5094,siren
5095,siren
5096,drilling
5099,siren
5100,air_conditioner
5103,engine_idling
5106,jackhammer
5109,street_music
5114,children_playing
5117,street_music
5118,jackhammer
5121,children_playing
5122,children_playing
5125,street_music
5127,children_playing
5128,dog_bark
5129,engine_idling
5130,air_conditioner
5133,siren
5134,jackhammer
5135,drilling
5138,children_playing
5140,dog_bark
5141,engine_idling
5142,siren
5146,children_playing
5148,jackhammer
5149,street_music
5151,drilling
5154,street_music
5157,children_playing
5159,children_playing
5169,dog_bark
5171,street_music
5173,air_conditioner
5174,air_conditioner
5175,children_playing
5177,engine_idling
5183,jackhammer
5186,street_music
5188,jackhammer
5189,jackhammer
5190,jackhammer
5191,children_playing
5195,air_conditioner
5196,children_playing
5198,drilling
5199,air_conditioner
5200,jackhammer
5201,engine_idling
5202,street_music
5206,dog_bark
5209,street_music
5210,drilling
5214,siren
5216,air_conditioner
5217,air_conditioner
5218,siren
5219,car_horn
5221,drilling
5223,jackhammer
5225,dog_bark
5226,jackhammer
5227,dog_bark
5228,drilling
5233,jackhammer
5234,siren
5236,car_horn
5237,street_music
5239,jackhammer
5243,jackhammer
5244,engine_idling
5246,street_music
5247,jackhammer
5248,jackhammer
5251,street_music
5253,drilling
5255,drilling
5257,engine_idling
5259,air_conditioner
5262,engine_idling
5263,children_playing
5264,air_conditioner
5265,siren
5266,children_playing
5268,jackhammer
5270,drilling
5272,drilling
5277,jackhammer
5278,jackhammer
5279,street_music
5283,engine_idling
5284,siren
5289,street_music
5290,engine_idling
5291,car_horn
5292,air_conditioner
5294,street_music
5297,dog_bark
5302,jackhammer
5304,jackhammer
5307,engine_idling
5308,engine_idling
5309,children_playing
5312,car_horn
5315,engine_idling
5316,jackhammer
5319,street_music
5320,street_music
5323,air_conditioner
5324,children_playing
5326,dog_bark
5328,dog_bark
5331,street_music
5333,air_conditioner
5336,engine_idling
5338,jackhammer
5340,street_music
5344,air_conditioner
5345,drilling
5347,air_conditioner
5348,dog_bark
5350,jackhammer
5351,air_conditioner
5352,siren
5356,jackhammer
5359,jackhammer
5361,dog_bark
5364,dog_bark
5369,street_music
5370,drilling
5371,car_horn
5373,car_horn
5374,jackhammer
5376,dog_bark
5380,siren
5382,drilling
5384,engine_idling
5389,engine_idling
5390,engine_idling
5391,street_music
5394,air_conditioner
5395,siren
5397,engine_idling
5398,air_conditioner
5403,jackhammer
5406,air_conditioner
5407,children_playing
5411,street_music
5414,dog_bark
5415,children_playing
5416,engine_idling
5417,drilling
5418,street_music
5423,drilling
5427,siren
5429,street_music
5432,air_conditioner
5433,drilling
5435,street_music
5436,children_playing
5437,engine_idling
5438,street_music
5441,jackhammer
5444,siren
5445,siren
5447,air_conditioner
5452,jackhammer
5456,siren
5459,air_conditioner
5460,car_horn
5461,siren
5465,engine_idling
5466,engine_idling
5472,air_conditioner
5473,air_conditioner
5476,street_music
5477,siren
5480,siren
5483,street_music
5486,air_conditioner
5487,children_playing
5488,children_playing
5489,siren
5492,drilling
5493,air_conditioner
5495,siren
5498,engine_idling
5499,street_music
5503,engine_idling
5504,jackhammer
5505,siren
5508,air_conditioner
5509,street_music
5511,air_conditioner
5512,siren
5518,engine_idling
5519,engine_idling
5521,street_music
5522,engine_idling
5523,street_music
5526,air_conditioner
5528,drilling
5533,street_music
5534,children_playing
5535,jackhammer
5537,children_playing
5540,engine_idling
5542,air_conditioner
5543,street_music
5544,children_playing
5545,children_playing
5546,dog_bark
5547,siren
5548,children_playing
5554,siren
5556,children_playing
5557,drilling
5558,siren
5559,air_conditioner
5560,children_playing
5561,jackhammer
5562,children_playing
5564,engine_idling
5565,air_conditioner
5566,children_playing
5570,drilling
5571,air_conditioner
5572,engine_idling
5574,car_horn
5577,dog_bark
5582,engine_idling
5583,jackhammer
5586,jackhammer
5588,dog_bark
5592,drilling
5594,siren
5597,jackhammer
5598,siren
5599,children_playing
5600,drilling
5601,engine_idling
5607,engine_idling
5609,children_playing
5610,dog_bark
5611,street_music
5613,siren
5614,drilling
5616,air_conditioner
5619,air_conditioner
5623,drilling
5624,children_playing
5625,engine_idling
5626,children_playing
5627,engine_idling
5628,drilling
5631,engine_idling
5637,siren
5638,siren
5640,jackhammer
5642,street_music
5644,dog_bark
5645,dog_bark
5650,jackhammer
5652,street_music
5653,drilling
5655,jackhammer
5658,siren
5659,engine_idling
5661,children_playing
5662,drilling
5663,siren
5664,air_conditioner
5668,air_conditioner
5671,jackhammer
5673,air_conditioner
5676,street_music
5678,air_conditioner
5680,jackhammer
5681,children_playing
5682,engine_idling
5683,dog_bark
5684,street_music
5687,car_horn
5689,street_music
5691,air_conditioner
5692,jackhammer
5695,drilling
5697,siren
5699,air_conditioner
5701,siren
5702,air_conditioner
5704,street_music
5705,drilling
5706,street_music
5709,siren
5710,dog_bark
5714,children_playing
5715,drilling
5719,jackhammer
5721,dog_bark
5722,jackhammer
5723,drilling
5724,dog_bark
5725,drilling
5726,engine_idling
5730,air_conditioner
5731,engine_idling
5732,engine_idling
5733,children_playing
5734,children_playing
5735,children_playing
5736,jackhammer
5739,car_horn
5740,jackhammer
5741,children_playing
5742,engine_idling
5744,siren
5745,dog_bark
5750,street_music
5751,engine_idling
5755,jackhammer
5757,children_playing
5760,air_conditioner
5761,street_music
5763,children_playing
5764,jackhammer
5767,street_music
5769,drilling
5770,jackhammer
5771,street_music
5772,siren
5774,engine_idling
5778,street_music
5783,car_horn
5784,engine_idling
5786,children_playing
5788,drilling
5790,air_conditioner
5791,engine_idling
5799,siren
5802,siren
5806,jackhammer
5808,children_playing
5813,engine_idling
5815,car_horn
5816,air_conditioner
5820,drilling
5822,drilling
5824,siren
5825,children_playing
5826,siren
5827,jackhammer
5829,jackhammer
5832,engine_idling
5833,car_horn
5835,air_conditioner
5837,children_playing
5840,siren
5841,children_playing
5842,car_horn
5844,children_playing
5848,street_music
5850,air_conditioner
5852,engine_idling
5854,dog_bark
5856,children_playing
5857,street_music
5858,children_playing
5859,children_playing
5863,children_playing
5864,jackhammer
5865,car_horn
5867,engine_idling
5869,jackhammer
5871,street_music
5874,children_playing
5876,air_conditioner
5877,jackhammer
5879,engine_idling
5881,engine_idling
5882,engine_idling
5886,jackhammer
5887,air_conditioner
5889,engine_idling
5891,engine_idling
5892,siren
5893,children_playing
5897,children_playing
5900,jackhammer
5901,air_conditioner
5902,children_playing
5903,drilling
5904,air_conditioner
5906,dog_bark
5908,siren
5909,siren
5915,drilling
5917,children_playing
5918,street_music
5921,engine_idling
5922,children_playing
5925,street_music
5926,street_music
5928,jackhammer
5932,street_music
5933,dog_bark
5934,engine_idling
5936,siren
5937,siren
5940,street_music
5941,engine_idling
5942,children_playing
5943,dog_bark
5947,jackhammer
5950,engine_idling
5951,jackhammer
5952,dog_bark
5953,drilling
5954,jackhammer
5957,jackhammer
5960,street_music
5962,dog_bark
5963,dog_bark
5966,siren
5968,street_music
5976,jackhammer
5977,street_music
5980,air_conditioner
5982,jackhammer
5983,dog_bark
5984,children_playing
5985,drilling
5988,engine_idling
5989,dog_bark
5990,drilling
5992,dog_bark
5994,jackhammer
5996,dog_bark
5997,children_playing
5999,drilling
6001,street_music
6002,jackhammer
6003,dog_bark
6004,siren
6005,engine_idling
6007,jackhammer
6010,air_conditioner
6013,street_music
6014,drilling
6015,engine_idling
6016,siren
6017,street_music
6019,engine_idling
6020,engine_idling
6021,jackhammer
6022,jackhammer
6023,siren
6025,street_music
6029,jackhammer
6030,air_conditioner
6031,siren
6033,children_playing
6034,jackhammer
6035,drilling
6040,dog_bark
6046,car_horn
6047,jackhammer
6050,air_conditioner
6056,jackhammer
6059,dog_bark
6061,street_music
6063,drilling
6066,air_conditioner
6068,street_music
6072,jackhammer
6074,drilling
6077,siren
6079,air_conditioner
6080,air_conditioner
6081,jackhammer
6083,air_conditioner
6085,engine_idling
6086,siren
6087,dog_bark
6089,siren
6091,dog_bark
6092,drilling
6094,street_music
6095,engine_idling
6096,children_playing
6099,jackhammer
6100,engine_idling
6101,children_playing
6103,siren
6104,siren
6107,jackhammer
6108,engine_idling
6109,street_music
6115,drilling
6116,children_playing
6117,jackhammer
6118,jackhammer
6119,drilling
6120,dog_bark
6123,dog_bark
6129,children_playing
6130,siren
6131,air_conditioner
6132,drilling
6133,air_conditioner
6134,engine_idling
6136,children_playing
6137,siren
6138,drilling
6140,dog_bark
6142,engine_idling
6144,children_playing
6145,siren
6149,siren
6151,engine_idling
6152,engine_idling
6153,car_horn
6154,street_music
6156,siren
6158,street_music
6159,jackhammer
6160,street_music
6162,siren
6165,children_playing
6169,dog_bark
6170,children_playing
6173,drilling
6174,drilling
6175,children_playing
6177,drilling
6179,engine_idling
6180,jackhammer
6181,jackhammer
6183,children_playing
6187,engine_idling
6188,street_music
6189,siren
6191,jackhammer
6193,jackhammer
6196,drilling
6197,engine_idling
6198,siren
6204,dog_bark
6205,engine_idling
6211,children_playing
6212,dog_bark
6213,siren
6214,air_conditioner
6215,children_playing
6217,children_playing
6219,siren
6220,street_music
6224,siren
6229,air_conditioner
6230,engine_idling
6232,siren
6234,air_conditioner
6235,car_horn
6239,engine_idling
6241,children_playing
6243,jackhammer
6244,dog_bark
6245,drilling
6247,dog_bark
6249,engine_idling
6255,car_horn
6259,jackhammer
6260,children_playing
6262,dog_bark
6263,jackhammer
6265,air_conditioner
6266,street_music
6268,dog_bark
6270,siren
6271,drilling
6272,engine_idling
6274,children_playing
6279,engine_idling
6282,jackhammer
6283,engine_idling
6284,street_music
6287,street_music
6288,air_conditioner
6291,engine_idling
6292,children_playing
6293,engine_idling
6294,drilling
6295,street_music
6296,drilling
6297,siren
6298,children_playing
6300,siren
6305,air_conditioner
6308,jackhammer
6309,children_playing
6311,jackhammer
6314,children_playing
6317,siren
6318,siren
6319,air_conditioner
6321,air_conditioner
6324,air_conditioner
6326,children_playing
6327,drilling
6328,children_playing
6329,engine_idling
6331,engine_idling
6332,jackhammer
6335,drilling
6336,air_conditioner
6337,siren
6338,jackhammer
6339,air_conditioner
6340,engine_idling
6341,siren
6343,siren
6345,engine_idling
6346,air_conditioner
6347,engine_idling
6348,children_playing
6351,jackhammer
6355,children_playing
6357,dog_bark
6358,street_music
6364,engine_idling
6366,children_playing
6367,street_music
6370,street_music
6371,engine_idling
6374,drilling
6375,engine_idling
6376,drilling
6377,air_conditioner
6378,dog_bark
6379,drilling
6380,children_playing
6381,siren
6382,children_playing
6387,street_music
6389,siren
6392,air_conditioner
6393,dog_bark
6394,siren
6395,engine_idling
6403,air_conditioner
6404,drilling
6408,engine_idling
6409,dog_bark
6412,car_horn
6413,air_conditioner
6414,air_conditioner
6416,air_conditioner
6417,siren
6418,drilling
6420,dog_bark
6423,children_playing
6424,air_conditioner
6427,air_conditioner
6431,street_music
6434,air_conditioner
6435,street_music
6436,air_conditioner
6437,drilling
6440,air_conditioner
6441,air_conditioner
6442,jackhammer
6443,car_horn
6446,dog_bark
6448,engine_idling
6449,siren
6450,street_music
6451,air_conditioner
6453,siren
6454,street_music
6455,air_conditioner
6456,car_horn
6457,jackhammer
6459,children_playing
6460,street_music
6461,air_conditioner
6462,street_music
6463,air_conditioner
6464,drilling
6466,children_playing
6467,drilling
6469,jackhammer
6473,air_conditioner
6474,engine_idling
6475,dog_bark
6478,children_playing
6480,children_playing
6483,jackhammer
6484,siren
6486,air_conditioner
6487,street_music
6490,siren
6493,air_conditioner
6496,siren
6497,car_horn
6498,air_conditioner
6500,engine_idling
6502,air_conditioner
6505,siren
6506,children_playing
6507,children_playing
6508,siren
6509,children_playing
6510,children_playing
6511,car_horn
6515,dog_bark
6516,siren
6517,drilling
6518,air_conditioner
6520,siren
6521,street_music
6522,air_conditioner
6523,engine_idling
6524,children_playing
6527,jackhammer
6528,street_music
6529,children_playing
6530,engine_idling
6531,air_conditioner
6534,children_playing
6535,children_playing
6536,dog_bark
6537,drilling
6542,drilling
6546,children_playing
6547,drilling
6548,siren
6549,street_music
6550,air_conditioner
6551,jackhammer
6552,car_horn
6553,street_music
6555,engine_idling
6556,engine_idling
6557,air_conditioner
6558,siren
6559,children_playing
6560,engine_idling
6562,jackhammer
6565,street_music
6566,dog_bark
6568,engine_idling
6572,jackhammer
6573,street_music
6574,children_playing
6575,air_conditioner
6579,drilling
6580,street_music
6583,air_conditioner
6589,dog_bark
6592,drilling
6595,jackhammer
6596,children_playing
6599,street_music
6600,drilling
6602,children_playing
6607,drilling
6608,children_playing
6609,air_conditioner
6614,air_conditioner
6616,jackhammer
6618,air_conditioner
6619,children_playing
6620,jackhammer
6621,jackhammer
6626,siren
6628,siren
6629,jackhammer
6630,dog_bark
6631,jackhammer
6633,siren
6634,engine_idling
6635,air_conditioner
6637,engine_idling
6638,children_playing
6640,street_music
6641,engine_idling
6643,siren
6644,siren
6647,siren
6648,jackhammer
6649,jackhammer
6651,street_music
6652,air_conditioner
6653,dog_bark
6654,street_music
6655,siren
6659,jackhammer
6661,siren
6662,air_conditioner
6664,drilling
6665,dog_bark
6667,drilling
6671,engine_idling
6676,street_music
6677,dog_bark
6679,children_playing
6681,air_conditioner
6683,children_playing
6689,drilling
6692,drilling
6693,drilling
6694,car_horn
6698,engine_idling
6703,drilling
6708,street_music
6710,street_music
6714,engine_idling
6715,jackhammer
6716,jackhammer
6717,children_playing
6719,children_playing
6721,air_conditioner
6723,street_music
6724,drilling
6725,children_playing
6726,engine_idling
6728,street_music
6730,drilling
6731,drilling
6732,children_playing
6734,children_playing
6735,dog_bark
6737,street_music
6738,children_playing
6739,children_playing
6740,jackhammer
6741,jackhammer
6746,engine_idling
6747,engine_idling
6748,street_music
6749,street_music
6750,children_playing
6752,engine_idling
6754,children_playing
6755,children_playing
6757,drilling
6759,engine_idling
6760,street_music
6763,children_playing
6764,air_conditioner
6767,siren
6769,dog_bark
6770,jackhammer
6771,engine_idling
6772,dog_bark
6773,jackhammer
6774,children_playing
6775,air_conditioner
6777,children_playing
6778,engine_idling
6779,engine_idling
6781,dog_bark
6782,street_music
6783,street_music
6786,dog_bark
6790,drilling
6791,air_conditioner
6792,jackhammer
6793,air_conditioner
6797,drilling
6800,dog_bark
6804,siren
6810,children_playing
6811,siren
6812,siren
6813,street_music
6815,jackhammer
6816,engine_idling
6817,siren
6818,car_horn
6819,children_playing
6821,street_music
6823,siren
6824,engine_idling
6829,car_horn
6830,air_conditioner
6831,street_music
6832,air_conditioner
6835,air_conditioner
6836,air_conditioner
6837,siren
6839,dog_bark
6840,engine_idling
6841,dog_bark
6844,street_music
6846,air_conditioner
6847,jackhammer
6850,engine_idling
6852,street_music
6853,jackhammer
6855,street_music
6856,siren
6857,engine_idling
6860,car_horn
6864,jackhammer
6865,engine_idling
6866,dog_bark
6869,street_music
6871,children_playing
6875,siren
6877,jackhammer
6878,street_music
6879,street_music
6880,siren
6881,air_conditioner
6882,drilling
6883,siren
6886,jackhammer
6889,children_playing
6891,engine_idling
6892,air_conditioner
6893,drilling
6895,children_playing
6896,drilling
6898,siren
6900,drilling
6902,drilling
6903,siren
6906,street_music
6907,children_playing
6908,dog_bark
6910,children_playing
6911,dog_bark
6912,street_music
6914,engine_idling
6915,children_playing
6918,dog_bark
6920,children_playing
6922,street_music
6926,children_playing
6929,air_conditioner
6931,siren
6933,jackhammer
6934,drilling
6935,engine_idling
6937,children_playing
6938,jackhammer
6939,air_conditioner
6942,jackhammer
6943,street_music
6945,siren
6946,air_conditioner
6947,jackhammer
6948,drilling
6949,dog_bark
6954,dog_bark
6955,car_horn
6956,children_playing
6958,street_music
6961,air_conditioner
6963,dog_bark
6966,siren
6967,engine_idling
6969,dog_bark
6970,drilling
6971,engine_idling
6973,children_playing
6974,children_playing
6975,air_conditioner
6976,air_conditioner
6977,engine_idling
6979,jackhammer
6982,air_conditioner
6984,dog_bark
6985,drilling
6986,children_playing
6990,engine_idling
6992,jackhammer
6993,street_music
6998,street_music
6999,dog_bark
7000,street_music
7001,siren
7002,engine_idling
7003,jackhammer
7004,air_conditioner
7005,drilling
7007,engine_idling
7008,siren
7009,children_playing
7010,jackhammer
7012,drilling
7013,air_conditioner
7014,air_conditioner
7015,car_horn
7016,siren
7017,children_playing
7019,street_music
7020,dog_bark
7022,children_playing
7025,engine_idling
7026,air_conditioner
7027,siren
7030,street_music
7031,engine_idling
7035,air_conditioner
7039,children_playing
7040,air_conditioner
7041,drilling
7042,children_playing
7046,siren
7048,air_conditioner
7049,street_music
7051,air_conditioner
7052,car_horn
7054,siren
7055,siren
7057,dog_bark
7059,engine_idling
7060,air_conditioner
7062,children_playing
7063,children_playing
7065,dog_bark
7066,children_playing
7067,jackhammer
7068,drilling
7069,air_conditioner
7070,dog_bark
7072,children_playing
7073,jackhammer
7075,children_playing
7076,children_playing
7077,street_music
7078,air_conditioner
7079,engine_idling
7081,drilling
7082,air_conditioner
7084,street_music
7085,car_horn
7086,street_music
7087,engine_idling
7088,drilling
7091,children_playing
7094,air_conditioner
7095,siren
7096,street_music
7100,jackhammer
7105,street_music
7107,street_music
7109,children_playing
7110,siren
7111,air_conditioner
7112,children_playing
7113,engine_idling
7114,car_horn
7115,engine_idling
7116,jackhammer
7118,street_music
7121,children_playing
7124,engine_idling
7129,drilling
7131,air_conditioner
7133,engine_idling
7137,siren
7138,jackhammer
7141,air_conditioner
7143,jackhammer
7144,street_music
7145,street_music
7148,siren
7149,children_playing
7150,siren
7153,street_music
7154,jackhammer
7155,engine_idling
7156,air_conditioner
7157,air_conditioner
7159,jackhammer
7161,jackhammer
7163,siren
7169,jackhammer
7170,drilling
7171,street_music
7172,air_conditioner
7174,street_music
7175,gun_shot
7176,air_conditioner
7177,street_music
7180,dog_bark
7185,children_playing
7187,drilling
7190,engine_idling
7191,children_playing
7194,jackhammer
7195,children_playing
7196,jackhammer
7197,street_music
7198,jackhammer
7200,dog_bark
7201,car_horn
7203,children_playing
7204,air_conditioner
7206,engine_idling
7207,jackhammer
7211,engine_idling
7212,drilling
7213,jackhammer
7215,jackhammer
7217,siren
7218,drilling
7221,engine_idling
7222,engine_idling
7223,jackhammer
7226,air_conditioner
7228,siren
7231,jackhammer
7235,air_conditioner
7240,air_conditioner
7241,drilling
7242,children_playing
7244,jackhammer
7245,drilling
7247,dog_bark
7249,dog_bark
7250,dog_bark
7251,dog_bark
7252,car_horn
7256,siren
7257,car_horn
7258,street_music
7259,air_conditioner
7262,engine_idling
7263,engine_idling
7264,engine_idling
7265,dog_bark
7269,drilling
7274,air_conditioner
7275,children_playing
7278,street_music
7279,drilling
7280,air_conditioner
7284,jackhammer
7285,dog_bark
7292,children_playing
7294,children_playing
7297,engine_idling
7298,air_conditioner
7305,air_conditioner
7307,children_playing
7309,engine_idling
7311,street_music
7313,children_playing
7315,siren
7316,jackhammer
7319,siren
7320,street_music
7321,children_playing
7322,car_horn
7323,drilling
7326,jackhammer
7328,siren
7329,drilling
7331,engine_idling
7332,air_conditioner
7333,children_playing
7336,engine_idling
7338,dog_bark
7343,engine_idling
7344,street_music
7345,dog_bark
7346,drilling
7349,jackhammer
7352,jackhammer
7354,car_horn
7358,drilling
7359,engine_idling
7360,air_conditioner
7361,siren
7362,street_music
7364,drilling
7366,street_music
7367,siren
7369,air_conditioner
7370,air_conditioner
7372,dog_bark
7374,drilling
7375,engine_idling
7376,street_music
7377,air_conditioner
7378,drilling
7379,jackhammer
7380,dog_bark
7381,street_music
7383,children_playing
7386,children_playing
7387,air_conditioner
7388,street_music
7389,jackhammer
7392,jackhammer
7398,street_music
7400,jackhammer
7403,engine_idling
7404,drilling
7408,children_playing
7410,dog_bark
7412,dog_bark
7414,air_conditioner
7417,siren
7418,siren
7419,drilling
7425,engine_idling
7426,engine_idling
7429,car_horn
7430,engine_idling
7431,dog_bark
7432,street_music
7436,street_music
7437,jackhammer
7439,siren
7443,street_music
7446,jackhammer
7448,siren
7449,engine_idling
7450,dog_bark
7452,engine_idling
7455,air_conditioner
7457,children_playing
7458,children_playing
7459,children_playing
7460,air_conditioner
7462,jackhammer
7463,street_music
7465,siren
7467,engine_idling
7468,street_music
7469,dog_bark
7471,dog_bark
7472,siren
7475,children_playing
7476,street_music
7479,street_music
7482,children_playing
7483,street_music
7488,jackhammer
7490,engine_idling
7493,air_conditioner
7494,drilling
7495,drilling
7497,street_music
7499,children_playing
7500,engine_idling
7501,engine_idling
7503,jackhammer
7505,drilling
7506,engine_idling
7507,children_playing
7508,engine_idling
7510,air_conditioner
7513,street_music
7519,street_music
7521,drilling
7522,dog_bark
7524,siren
7525,air_conditioner
7528,car_horn
7529,siren
7530,drilling
7531,engine_idling
7532,engine_idling
7538,engine_idling
7539,car_horn
7541,engine_idling
7542,drilling
7543,street_music
7547,drilling
7552,air_conditioner
7553,jackhammer
7556,jackhammer
7558,drilling
7561,air_conditioner
7563,street_music
7565,car_horn
7567,dog_bark
7568,drilling
7569,jackhammer
7570,air_conditioner
7574,drilling
7576,children_playing
7577,children_playing
7578,street_music
7579,dog_bark
7580,engine_idling
7582,jackhammer
7584,dog_bark
7586,street_music
7589,air_conditioner
7593,jackhammer
7595,jackhammer
7596,street_music
7597,siren
7598,children_playing
7600,jackhammer
7601,air_conditioner
7602,drilling
7604,engine_idling
7607,jackhammer
7609,jackhammer
7612,dog_bark
7613,engine_idling
7614,car_horn
7617,street_music
7618,air_conditioner
7619,siren
7620,children_playing
7622,engine_idling
7623,street_music
7626,drilling
7631,children_playing
7633,engine_idling
7634,children_playing
7636,children_playing
7638,air_conditioner
7641,street_music
7642,dog_bark
7644,children_playing
7645,street_music
7646,jackhammer
7648,engine_idling
7650,air_conditioner
7651,siren
7653,air_conditioner
7655,street_music
7656,jackhammer
7657,dog_bark
7665,street_music
7669,engine_idling
7671,air_conditioner
7672,siren
7673,car_horn
7674,drilling
7675,car_horn
7677,dog_bark
7679,drilling
7680,siren
7681,siren
7685,jackhammer
7686,engine_idling
7687,engine_idling
7688,street_music
7689,air_conditioner
7690,dog_bark
7694,engine_idling
7697,engine_idling
7699,car_horn
7700,drilling
7702,dog_bark
7705,air_conditioner
7706,street_music
7707,air_conditioner
7710,air_conditioner
7711,siren
7713,dog_bark
7715,siren
7718,car_horn
7721,drilling
7723,street_music
7724,drilling
7726,siren
7727,street_music
7729,engine_idling
7733,children_playing
7734,jackhammer
7735,air_conditioner
7738,siren
7739,dog_bark
7740,street_music
7742,air_conditioner
7743,children_playing
7744,street_music
7745,drilling
7748,street_music
7750,engine_idling
7754,jackhammer
7756,air_conditioner
7759,engine_idling
7761,air_conditioner
7762,jackhammer
7765,siren
7768,street_music
7769,street_music
7770,jackhammer
7775,siren
7776,dog_bark
7779,children_playing
7780,car_horn
7783,engine_idling
7784,children_playing
7785,dog_bark
7787,street_music
7788,engine_idling
7791,drilling
7795,street_music
7796,drilling
7800,siren
7802,children_playing
7804,drilling
7806,siren
7807,dog_bark
7810,children_playing
7813,children_playing
7814,engine_idling
7817,engine_idling
7818,drilling
7819,children_playing
7821,siren
7822,engine_idling
7824,children_playing
7825,jackhammer
7828,jackhammer
7829,siren
7831,engine_idling
7833,street_music
7835,street_music
7836,engine_idling
7837,dog_bark
7839,street_music
7842,siren
7843,siren
7844,siren
7845,street_music
7846,engine_idling
7853,jackhammer
7854,siren
7855,drilling
7858,drilling
7860,air_conditioner
7861,siren
7862,siren
7865,street_music
7868,car_horn
7869,jackhammer
7873,drilling
7874,siren
7875,engine_idling
7879,dog_bark
7880,car_horn
7881,street_music
7883,drilling
7890,dog_bark
7891,jackhammer
7892,jackhammer
7893,drilling
7896,street_music
7897,children_playing
7898,car_horn
7899,street_music
7900,jackhammer
7901,drilling
7904,car_horn
7909,children_playing
7911,dog_bark
7914,engine_idling
7916,street_music
7918,air_conditioner
7919,jackhammer
7920,car_horn
7922,engine_idling
7927,dog_bark
7928,engine_idling
7929,drilling
7931,siren
7932,jackhammer
7933,children_playing
7936,jackhammer
7938,car_horn
7939,children_playing
7941,children_playing
7942,dog_bark
7943,drilling
7946,children_playing
7949,car_horn
7951,children_playing
7952,dog_bark
7954,drilling
7955,engine_idling
7959,engine_idling
7961,siren
7963,car_horn
7964,drilling
7966,dog_bark
7970,dog_bark
7975,siren
7978,siren
7979,street_music
7980,siren
7981,dog_bark
7982,air_conditioner
7985,engine_idling
7988,siren
7989,car_horn
7990,jackhammer
7992,street_music
7993,drilling
7994,children_playing
7995,engine_idling
7996,siren
7999,air_conditioner
8000,children_playing
8002,dog_bark
8004,dog_bark
8012,drilling
8013,children_playing
8014,dog_bark
8020,children_playing
8021,engine_idling
8022,air_conditioner
8025,children_playing
8028,drilling
8029,jackhammer
8032,jackhammer
8033,air_conditioner
8034,jackhammer
8035,air_conditioner
8036,siren
8037,street_music
8042,air_conditioner
8043,street_music
8046,siren
8047,car_horn
8048,engine_idling
8052,street_music
8053,street_music
8055,drilling
8057,jackhammer
8058,children_playing
8060,children_playing
8061,air_conditioner
8062,dog_bark
8067,street_music
8068,air_conditioner
8069,jackhammer
8071,air_conditioner
8072,street_music
8073,air_conditioner
8075,engine_idling
8076,engine_idling
8077,engine_idling
8078,children_playing
8079,dog_bark
8080,street_music
8081,drilling
8084,children_playing
8085,engine_idling
8086,air_conditioner
8090,engine_idling
8093,air_conditioner
8095,street_music
8100,children_playing
8101,siren
8103,jackhammer
8104,drilling
8106,drilling
8108,street_music
8110,siren
8111,air_conditioner
8114,street_music
8118,children_playing
8119,engine_idling
8122,street_music
8125,air_conditioner
8127,jackhammer
8130,street_music
8131,engine_idling
8133,jackhammer
8135,engine_idling
8137,siren
8140,drilling
8142,engine_idling
8143,drilling
8144,drilling
8145,street_music
8146,street_music
8150,engine_idling
8152,engine_idling
8155,air_conditioner
8156,street_music
8161,drilling
8166,children_playing
8167,jackhammer
8171,jackhammer
8172,engine_idling
8173,street_music
8177,street_music
8180,siren
8181,children_playing
8182,street_music
8183,air_conditioner
8187,siren
8188,siren
8189,dog_bark
8190,siren
8191,jackhammer
8193,children_playing
8194,jackhammer
8195,siren
8199,children_playing
8200,street_music
8202,jackhammer
8205,jackhammer
8208,air_conditioner
8210,children_playing
8211,drilling
8213,children_playing
8215,dog_bark
8216,dog_bark
8217,street_music
8219,engine_idling
8220,drilling
8221,jackhammer
8227,street_music
8228,street_music
8229,siren
8231,engine_idling
8234,drilling
8236,street_music
8238,car_horn
8239,children_playing
8241,drilling
8243,siren
8246,engine_idling
8247,siren
8249,street_music
8251,engine_idling
8252,dog_bark
8253,children_playing
8257,jackhammer
8258,jackhammer
8260,dog_bark
8261,engine_idling
8262,siren
8263,dog_bark
8264,dog_bark
8265,engine_idling
8266,siren
8268,children_playing
8270,siren
8271,drilling
8272,air_conditioner
8274,engine_idling
8277,siren
8279,siren
8280,jackhammer
8282,engine_idling
8283,siren
8285,drilling
8287,air_conditioner
8289,air_conditioner
8294,engine_idling
8296,children_playing
8297,air_conditioner
8300,street_music
8302,air_conditioner
8305,children_playing
8306,siren
8308,jackhammer
8311,car_horn
8313,car_horn
8314,car_horn
8315,children_playing
8317,children_playing
8318,air_conditioner
8322,jackhammer
8323,engine_idling
8324,children_playing
8325,jackhammer
8327,siren
8330,drilling
8332,engine_idling
8333,siren
8334,children_playing
8335,jackhammer
8337,drilling
8338,engine_idling
8344,siren
8352,engine_idling
8353,siren
8356,engine_idling
8357,siren
8360,engine_idling
8361,drilling
8364,street_music
8365,street_music
8366,air_conditioner
8369,engine_idling
8377,street_music
8378,dog_bark
8381,air_conditioner
8384,air_conditioner
8386,engine_idling
8387,engine_idling
8391,engine_idling
8392,air_conditioner
8396,children_playing
8397,jackhammer
8399,children_playing
8403,siren
8406,car_horn
8409,dog_bark
8410,children_playing
8411,engine_idling
8412,children_playing
8416,air_conditioner
8417,air_conditioner
8419,dog_bark
8420,dog_bark
8421,air_conditioner
8424,siren
8425,air_conditioner
8427,drilling
8428,street_music
8429,children_playing
8430,siren
8431,siren
8432,air_conditioner
8434,car_horn
8435,engine_idling
8437,siren
8438,engine_idling
8441,engine_idling
8442,jackhammer
8444,air_conditioner
8445,siren
8446,air_conditioner
8447,dog_bark
8448,children_playing
8449,children_playing
8450,drilling
8453,jackhammer
8458,air_conditioner
8459,jackhammer
8460,dog_bark
8462,siren
8464,drilling
8466,drilling
8467,siren
8469,siren
8470,street_music
8472,children_playing
8473,car_horn
8474,jackhammer
8475,car_horn
8477,siren
8479,children_playing
8482,engine_idling
8483,children_playing
8484,engine_idling
8486,siren
8491,air_conditioner
8492,drilling
8493,jackhammer
8496,air_conditioner
8500,engine_idling
8501,street_music
8502,children_playing
8503,engine_idling
8507,children_playing
8508,children_playing
8510,drilling
8511,engine_idling
8512,children_playing
8513,dog_bark
8514,engine_idling
8515,air_conditioner
8520,jackhammer
8523,children_playing
8526,children_playing
8527,engine_idling
8531,children_playing
8534,engine_idling
8535,dog_bark
8536,siren
8539,air_conditioner
8540,engine_idling
8543,air_conditioner
8544,children_playing
8546,children_playing
8547,siren
8552,jackhammer
8553,drilling
8558,jackhammer
8560,drilling
8562,street_music
8564,siren
8565,engine_idling
8568,drilling
8569,children_playing
8570,drilling
8571,engine_idling
8575,engine_idling
8578,car_horn
8579,children_playing
8580,street_music
8581,street_music
8582,air_conditioner
8584,dog_bark
8586,dog_bark
8587,drilling
8588,air_conditioner
8589,siren
8594,car_horn
8595,drilling
8596,siren
8599,siren
8603,siren
8604,street_music
8607,siren
8609,air_conditioner
8610,engine_idling
8612,siren
8613,dog_bark
8614,drilling
8615,jackhammer
8617,drilling
8618,air_conditioner
8620,dog_bark
8624,drilling
8625,car_horn
8626,drilling
8627,air_conditioner
8628,children_playing
8630,engine_idling
8632,siren
8635,children_playing
8636,children_playing
8637,siren
8639,air_conditioner
8640,children_playing
8641,siren
8643,jackhammer
8644,dog_bark
8649,siren
8650,dog_bark
8651,siren
8654,siren
8656,dog_bark
8658,dog_bark
8659,air_conditioner
8660,street_music
8663,children_playing
8664,dog_bark
8665,siren
8666,drilling
8667,air_conditioner
8670,siren
8675,siren
8677,air_conditioner
8678,drilling
8679,engine_idling
8682,car_horn
8684,street_music
8685,drilling
8690,street_music
8691,street_music
8693,car_horn
8694,street_music
8695,air_conditioner
8699,street_music
8701,air_conditioner
8704,siren
8705,jackhammer
8706,siren
8710,street_music
8711,dog_bark
8712,jackhammer
8713,dog_bark
8714,engine_idling
8715,siren
8717,jackhammer
8720,street_music
8721,engine_idling
8723,street_music
8724,children_playing
8725,engine_idling
8727,engine_idling
8728,engine_idling
8729,air_conditioner
